filename,identity
Adriana_Lima_00.jpg,Adriana_Lima
Adriana_Lima_01.jpg,Adriana_Lima
Adriana_Lima_02.jpg,Adriana_Lima
Alex_Lawther_00.jpg,Alex_Lawther
Alex_Lawther_01.jpg,Alex_Lawther
Alex_Lawther_02.jpg,Alex_Lawther
Alexandra_Daddario_00.jpg,Alexandra_Daddario
Alexandra_Daddario_01.jpg,Alexandra_Daddario
Alexandra_Daddario_02.jpg,Alexandra_Daddario
Alvaro_Morte_00.jpg,Alvaro_Morte
Alvaro_Morte_01.jpg,Alvaro_Morte
Alvaro_Morte_02.jpg,Alvaro_Morte
Amanda_Crew_00.jpg,Amanda_Crew
Amanda_Crew_01.jpg,Amanda_Crew
Amanda_Crew_02.jpg,Amanda_Crew
Andy_Samberg_00.jpg,Andy_Samberg
Andy_Samberg_01.jpg,Andy_Samberg
Andy_Samberg_02.jpg,Andy_Samberg
Anne_Hathaway_00.jpg,Anne_Hathaway
Anne_Hathaway_01.jpg,Anne_Hathaway
Anne_Hathaway_02.jpg,Anne_Hathaway
Anthony_Mackie_00.jpg,Anthony_Mackie
Anthony_Mackie_01.jpg,Anthony_Mackie
Anthony_Mackie_02.jpg,Anthony_Mackie
Avril_Lavigne_00.jpg,Avril_Lavigne
Avril_Lavigne_01.jpg,Avril_Lavigne
Avril_Lavigne_02.jpg,Avril_Lavigne
Ben_Affleck_00.jpg,Ben_Affleck
Ben_Affleck_01.jpg,Ben_Affleck
Ben_Affleck_02.jpg,Ben_Affleck
Bill_Gates_00.jpg,Bill_Gates
Bill_Gates_01.jpg,Bill_Gates
Bill_Gates_02.jpg,Bill_Gates
Bobby_Morley_00.jpg,Bobby_Morley
Bobby_Morley_01.jpg,Bobby_Morley
Bobby_Morley_02.jpg,Bobby_Morley
Brenton_Thwaites_00.jpg,Brenton_Thwaites
Brenton_Thwaites_01.jpg,Brenton_Thwaites
Brenton_Thwaites_02.jpg,Brenton_Thwaites
Brian_J._Smith_00.jpg,Brian_J._Smith
Brian_J._Smith_01.jpg,Brian_J._Smith
Brian_J._Smith_02.jpg,Brian_J._Smith
Brie_Larson_00.jpg,Brie_Larson
Brie_Larson_01.jpg,Brie_Larson
Brie_Larson_02.jpg,Brie_Larson
Chris_Evans_00.jpg,Chris_Evans
Chris_Evans_01.jpg,Chris_Evans
Chris_Evans_02.jpg,Chris_Evans
Chris_Hemsworth_00.jpg,Chris_Hemsworth
Chris_Hemsworth_01.jpg,Chris_Hemsworth
Chris_Hemsworth_02.jpg,Chris_Hemsworth
Chris_Pratt_00.jpg,Chris_Pratt
Chris_Pratt_01.jpg,Chris_Pratt
Chris_Pratt_02.jpg,Chris_Pratt
Christian_Bale_00.jpg,Christian_Bale
Christian_Bale_01.jpg,Christian_Bale
Christian_Bale_02.jpg,Christian_Bale
Cristiano_Ronaldo_00.jpg,Cristiano_Ronaldo
Cristiano_Ronaldo_01.jpg,Cristiano_Ronaldo
Cristiano_Ronaldo_02.jpg,Cristiano_Ronaldo
Danielle_Panabaker_00.jpg,Danielle_Panabaker
Danielle_Panabaker_01.jpg,Danielle_Panabaker
Danielle_Panabaker_02.jpg,Danielle_Panabaker
Dominic_Purcell_00.jpg,Dominic_Purcell
Dominic_Purcell_01.jpg,Dominic_Purcell
Dominic_Purcell_02.jpg,Dominic_Purcell
Dwayne_Johnson_00.jpg,Dwayne_Johnson
Dwayne_Johnson_01.jpg,Dwayne_Johnson
Dwayne_Johnson_02.jpg,Dwayne_Johnson
Eliza_Taylor_00.jpg,Eliza_Taylor
Eliza_Taylor_01.jpg,Eliza_Taylor
Eliza_Taylor_02.jpg,Eliza_Taylor
Elizabeth_Lail_00.jpg,Elizabeth_Lail
Elizabeth_Lail_01.jpg,Elizabeth_Lail
Elizabeth_Lail_02.jpg,Elizabeth_Lail
Emilia_Clarke_00.jpg,Emilia_Clarke
Emilia_Clarke_01.jpg,Emilia_Clarke
Emilia_Clarke_02.jpg,Emilia_Clarke
Emma_Stone_00.jpg,Emma_Stone
Emma_Stone_01.jpg,Emma_Stone
Emma_Stone_02.jpg,Emma_Stone
Emma_Watson_00.jpg,Emma_Watson
Emma_Watson_01.jpg,Emma_Watson
Emma_Watson_02.jpg,Emma_Watson
Gwyneth_Paltrow_00.jpg,Gwyneth_Paltrow
Gwyneth_Paltrow_01.jpg,Gwyneth_Paltrow
Gwyneth_Paltrow_02.jpg,Gwyneth_Paltrow
Henry_Cavil_00.jpg,Henry_Cavil
Henry_Cavil_01.jpg,Henry_Cavil
Henry_Cavil_02.jpg,Henry_Cavil
Hugh_Jackman_00.jpg,Hugh_Jackman
Hugh_Jackman_01.jpg,Hugh_Jackman
Hugh_Jackman_02.jpg,Hugh_Jackman
Inbar_Lavi_00.jpg,Inbar_Lavi
Inbar_Lavi_01.jpg,Inbar_Lavi
Inbar_Lavi_02.jpg,Inbar_Lavi
Irina_Shayk_00.jpg,Irina_Shayk
Irina_Shayk_01.jpg,Irina_Shayk
Irina_Shayk_02.jpg,Irina_Shayk
Jake_Mcdorman_00.jpg,Jake_Mcdorman
Jake_Mcdorman_01.jpg,Jake_Mcdorman
Jake_Mcdorman_02.jpg,Jake_Mcdorman
Jason_Momoa_00.jpg,Jason_Momoa
Jason_Momoa_01.jpg,Jason_Momoa
Jason_Momoa_02.jpg,Jason_Momoa
Jennifer_Lawrence_00.jpg,Jennifer_Lawrence
Jennifer_Lawrence_01.jpg,Jennifer_Lawrence
Jennifer_Lawrence_02.jpg,Jennifer_Lawrence
Jeremy_Renner_00.jpg,Jeremy_Renner
Jeremy_Renner_01.jpg,Jeremy_Renner
Jeremy_Renner_02.jpg,Jeremy_Renner
Jessica_Barden_00.jpg,Jessica_Barden
Jessica_Barden_01.jpg,Jessica_Barden
Jessica_Barden_02.jpg,Jessica_Barden
Jimmy_Fallon_00.jpg,Jimmy_Fallon
Jimmy_Fallon_01.jpg,Jimmy_Fallon
Jimmy_Fallon_02.jpg,Jimmy_Fallon
Johnny_Depp_00.jpg,Johnny_Depp
Johnny_Depp_01.jpg,Johnny_Depp
Johnny_Depp_02.jpg,Johnny_Depp
Josh_Radnor_00.jpg,Josh_Radnor
Josh_Radnor_01.jpg,Josh_Radnor
Josh_Radnor_02.jpg,Josh_Radnor
Katharine_Mcphee_00.jpg,Katharine_Mcphee
Katharine_Mcphee_01.jpg,Katharine_Mcphee
Katharine_Mcphee_02.jpg,Katharine_Mcphee
Katherine_Langford_00.jpg,Katherine_Langford
Katherine_Langford_01.jpg,Katherine_Langford
Katherine_Langford_02.jpg,Katherine_Langford
Keanu_Reeves_00.jpg,Keanu_Reeves
Keanu_Reeves_01.jpg,Keanu_Reeves
Keanu_Reeves_02.jpg,Keanu_Reeves
Krysten_Ritter_00.jpg,Krysten_Ritter
Krysten_Ritter_01.jpg,Krysten_Ritter
Krysten_Ritter_02.jpg,Krysten_Ritter
Leonardo_DiCaprio_00.jpg,Leonardo_DiCaprio
Leonardo_DiCaprio_01.jpg,Leonardo_DiCaprio
Leonardo_DiCaprio_02.jpg,Leonardo_DiCaprio
Lili_Reinhart_00.jpg,Lili_Reinhart
Lili_Reinhart_01.jpg,Lili_Reinhart
Lili_Reinhart_02.jpg,Lili_Reinhart
Lindsey_Morgan_00.jpg,Lindsey_Morgan
Lindsey_Morgan_01.jpg,Lindsey_Morgan
Lindsey_Morgan_02.jpg,Lindsey_Morgan
Lionel_Messi_00.jpg,Lionel_Messi
Lionel_Messi_01.jpg,Lionel_Messi
Lionel_Messi_02.jpg,Lionel_Messi
Logan_Lerman_00.jpg,Logan_Lerman
Logan_Lerman_01.jpg,Logan_Lerman
Logan_Lerman_02.jpg,Logan_Lerman
Madelaine_Petsch_00.jpg,Madelaine_Petsch
Madelaine_Petsch_01.jpg,Madelaine_Petsch
Madelaine_Petsch_02.jpg,Madelaine_Petsch
Maisie_Williams_00.jpg,Maisie_Williams
Maisie_Williams_01.jpg,Maisie_Williams
Maisie_Williams_02.jpg,Maisie_Williams
Maria_Pedraza_00.jpg,Maria_Pedraza
Maria_Pedraza_01.jpg,Maria_Pedraza
Maria_Pedraza_02.jpg,Maria_Pedraza
Marie_Avgeropoulos_00.jpg,Marie_Avgeropoulos
Marie_Avgeropoulos_01.jpg,Marie_Avgeropoulos
Marie_Avgeropoulos_02.jpg,Marie_Avgeropoulos
Mark_Ruffalo_00.jpg,Mark_Ruffalo
Mark_Ruffalo_01.jpg,Mark_Ruffalo
Mark_Ruffalo_02.jpg,Mark_Ruffalo
Mark_Zuckerberg_00.jpg,Mark_Zuckerberg
Mark_Zuckerberg_01.jpg,Mark_Zuckerberg
Mark_Zuckerberg_02.jpg,Mark_Zuckerberg
Megan_Fox_00.jpg,Megan_Fox
Megan_Fox_01.jpg,Megan_Fox
Megan_Fox_02.jpg,Megan_Fox
Miley_Cyrus_00.jpg,Miley_Cyrus
Miley_Cyrus_01.jpg,Miley_Cyrus
Miley_Cyrus_02.jpg,Miley_Cyrus
Millie_Bobby_Brown_00.jpg,Millie_Bobby_Brown
Millie_Bobby_Brown_01.jpg,Millie_Bobby_Brown
Millie_Bobby_Brown_02.jpg,Millie_Bobby_Brown
Morena_Baccarin_00.jpg,Morena_Baccarin
Morena_Baccarin_01.jpg,Morena_Baccarin
Morena_Baccarin_02.jpg,Morena_Baccarin
Morgan_Freeman_00.jpg,Morgan_Freeman
Morgan_Freeman_01.jpg,Morgan_Freeman
Morgan_Freeman_02.jpg,Morgan_Freeman
Nadia_Hilker_00.jpg,Nadia_Hilker
Nadia_Hilker_01.jpg,Nadia_Hilker
Nadia_Hilker_02.jpg,Nadia_Hilker
Natalie_Dormer_00.jpg,Natalie_Dormer
Natalie_Dormer_01.jpg,Natalie_Dormer
Natalie_Dormer_02.jpg,Natalie_Dormer
Natalie_Portman_00.jpg,Natalie_Portman
Natalie_Portman_01.jpg,Natalie_Portman
Natalie_Portman_02.jpg,Natalie_Portman
Neil_Patrick_Harris_00.jpg,Neil_Patrick_Harris
Neil_Patrick_Harris_01.jpg,Neil_Patrick_Harris
Neil_Patrick_Harris_02.jpg,Neil_Patrick_Harris
Pedro_Alonso_00.jpg,Pedro_Alonso
Pedro_Alonso_01.jpg,Pedro_Alonso
Pedro_Alonso_02.jpg,Pedro_Alonso
Penn_Badgley_00.jpg,Penn_Badgley
Penn_Badgley_01.jpg,Penn_Badgley
Penn_Badgley_02.jpg,Penn_Badgley
Rami_Malek_00.jpg,Rami_Malek
Rami_Malek_01.jpg,Rami_Malek
Rami_Malek_02.jpg,Rami_Malek
Rebecca_Ferguson_00.jpg,Rebecca_Ferguson
Rebecca_Ferguson_01.jpg,Rebecca_Ferguson
Rebecca_Ferguson_02.jpg,Rebecca_Ferguson
Richard_Harmon_00.jpg,Richard_Harmon
Richard_Harmon_01.jpg,Richard_Harmon
Richard_Harmon_02.jpg,Richard_Harmon
Rihanna_00.jpg,Rihanna
Rihanna_01.jpg,Rihanna
Rihanna_02.jpg,Rihanna
Robert_De_Niro_00.jpg,Robert_De_Niro
Robert_De_Niro_01.jpg,Robert_De_Niro
Robert_De_Niro_02.jpg,Robert_De_Niro
Robert_Downey_Jr_00.jpg,Robert_Downey_Jr
Robert_Downey_Jr_01.jpg,Robert_Downey_Jr
Robert_Downey_Jr_02.jpg,Robert_Downey_Jr
Sarah_Wayne_Callies_00.jpg,Sarah_Wayne_Callies
Sarah_Wayne_Callies_01.jpg,Sarah_Wayne_Callies
Sarah_Wayne_Callies_02.jpg,Sarah_Wayne_Callies
Selena_Gomez_00.jpg,Selena_Gomez
Selena_Gomez_01.jpg,Selena_Gomez
Selena_Gomez_02.jpg,Selena_Gomez
Shakira_Isabel_Mebarak_00.jpg,Shakira_Isabel_Mebarak
Shakira_Isabel_Mebarak_01.jpg,Shakira_Isabel_Mebarak
Shakira_Isabel_Mebarak_02.jpg,Shakira_Isabel_Mebarak
Sophie_Turner_00.jpg,Sophie_Turner
Sophie_Turner_01.jpg,Sophie_Turner
Sophie_Turner_02.jpg,Sophie_Turner
Stephen_Amell_00.jpg,Stephen_Amell
Stephen_Amell_01.jpg,Stephen_Amell
Stephen_Amell_02.jpg,Stephen_Amell
Taylor_Swift_00.jpg,Taylor_Swift
Taylor_Swift_01.jpg,Taylor_Swift
Taylor_Swift_02.jpg,Taylor_Swift
Tom_Cruise_00.jpg,Tom_Cruise
Tom_Cruise_01.jpg,Tom_Cruise
Tom_Cruise_02.jpg,Tom_Cruise
Tom_Hardy_00.jpg,Tom_Hardy
Tom_Hardy_01.jpg,Tom_Hardy
Tom_Hardy_02.jpg,Tom_Hardy
Tom_Hiddleston_00.jpg,Tom_Hiddleston
Tom_Hiddleston_01.jpg,Tom_Hiddleston
Tom_Hiddleston_02.jpg,Tom_Hiddleston
Tom_Holland_00.jpg,Tom_Holland
Tom_Holland_01.jpg,Tom_Holland
Tom_Holland_02.jpg,Tom_Holland
Tuppence_Middleton_00.jpg,Tuppence_Middleton
Tuppence_Middleton_01.jpg,Tuppence_Middleton
Tuppence_Middleton_02.jpg,Tuppence_Middleton
Ursula_Corbero_00.jpg,Ursula_Corbero
Ursula_Corbero_01.jpg,Ursula_Corbero
Ursula_Corbero_02.jpg,Ursula_Corbero
Wentworth_Miller_00.jpg,Wentworth_Miller
Wentworth_Miller_01.jpg,Wentworth_Miller
Wentworth_Miller_02.jpg,Wentworth_Miller
Zac_Efron_00.jpg,Zac_Efron
Zac_Efron_01.jpg,Zac_Efron
Zac_Efron_02.jpg,Zac_Efron
Zendaya_00.jpg,Zendaya
Zendaya_01.jpg,Zendaya
Zendaya_02.jpg,Zendaya
Zoe_Saldana_00.jpg,Zoe_Saldana
Zoe_Saldana_01.jpg,Zoe_Saldana
Zoe_Saldana_02.jpg,Zoe_Saldana
alycia_dabnem_carey_00.jpg,alycia_dabnem_carey
alycia_dabnem_carey_01.jpg,alycia_dabnem_carey
alycia_dabnem_carey_02.jpg,alycia_dabnem_carey
amber_heard_00.jpg,amber_heard
amber_heard_01.jpg,amber_heard
amber_heard_02.jpg,amber_heard
barack_obama_00.jpg,barack_obama
barack_obama_01.jpg,barack_obama
barack_obama_02.jpg,barack_obama
barbara_palvin_00.jpg,barbara_palvin
barbara_palvin_01.jpg,barbara_palvin
barbara_palvin_02.jpg,barbara_palvin
camila_mendes_00.jpg,camila_mendes
camila_mendes_01.jpg,camila_mendes
camila_mendes_02.jpg,camila_mendes
elizabeth_olsen_00.jpg,elizabeth_olsen
elizabeth_olsen_01.jpg,elizabeth_olsen
elizabeth_olsen_02.jpg,elizabeth_olsen
ellen_page_00.jpg,ellen_page
ellen_page_01.jpg,ellen_page
ellen_page_02.jpg,ellen_page
elon_musk_00.jpg,elon_musk
elon_musk_01.jpg,elon_musk
elon_musk_02.jpg,elon_musk
gal_gadot_00.jpg,gal_gadot
gal_gadot_01.jpg,gal_gadot
gal_gadot_02.jpg,gal_gadot
grant_gustin_00.jpg,grant_gustin
grant_gustin_01.jpg,grant_gustin
grant_gustin_02.jpg,grant_gustin
jeff_bezos_00.jpg,jeff_bezos
jeff_bezos_01.jpg,jeff_bezos
jeff_bezos_02.jpg,jeff_bezos
kiernen_shipka_00.jpg,kiernen_shipka
kiernen_shipka_01.jpg,kiernen_shipka
kiernen_shipka_02.jpg,kiernen_shipka
margot_robbie_00.jpg,margot_robbie
margot_robbie_01.jpg,margot_robbie
margot_robbie_02.jpg,margot_robbie
melissa_fumero_00.jpg,melissa_fumero
melissa_fumero_01.jpg,melissa_fumero
melissa_fumero_02.jpg,melissa_fumero
scarlett_johansson_00.jpg,scarlett_johansson
scarlett_johansson_01.jpg,scarlett_johansson
scarlett_johansson_02.jpg,scarlett_johansson
tom_ellis_00.jpg,tom_ellis
tom_ellis_01.jpg,tom_ellis
tom_ellis_02.jpg,tom_ellis
